Screen,Action,UI control,Permission,Writable-period rule,HTTP method,Endpoint,Request field/schema,Service,Tables read,Tables written,Success behavior,Failure behavior,Idempotency,Concurrency,Handler,File,Kind
direct-emissions-allocation,Retry,button/link,cbam:configure,blocked-when-locked,GET,POST …/direct-emissions-allocation/executions,n/a-query/path,CbamDirectEmissionsAllocationService,"cbam_direct_emissions_allocation_results, cbam_dea_product_allocations, cbam_dea_monthly_basis_snapshots, cbam_dea_source_snapshots, cbam_direct_emissions_allocation_current",—,reload-or-toast,inline-error,n/a-read,n/a,reload(),direct-emissions-allocation/direct-emissions-allocation.component.html,write
direct-emissions-allocation,Direct Emissions,button/link,cbam:view,n/a,—,UI-only (router/tab/section),n/a,AngularRouter/UI,—,—,navigate-or-toggle,n/a,n/a,n/a,goToDirectEmissions.emit(),direct-emissions-allocation/direct-emissions-allocation.component.html,navigate-or-read
direct-emissions-allocation,Production,button/link,cbam:view,n/a,—,UI-only (router/tab/section),n/a,AngularRouter/UI,—,—,navigate-or-toggle,n/a,n/a,n/a,goToProduction.emit(),direct-emissions-allocation/direct-emissions-allocation.component.html,navigate-or-read
direct-emissions-allocation,Monthly allocation data,button/link,cbam:view,n/a,—,UI-only (router/tab/section),n/a,AngularRouter/UI,—,—,navigate-or-toggle,n/a,n/a,n/a,goToMonthlyAllocationData.emit(),direct-emissions-allocation/direct-emissions-allocation.component.html,navigate-or-read
direct-emissions-allocation,@if (submitting()) { Working… } @else { {{ executeButtonLabel() }} },button/link,cbam:configure,blocked-when-locked,POST/PATCH,POST …/direct-emissions-allocation/executions; GET readiness|summary|results,handler:executeAllocation form/payload,CbamDirectEmissionsAllocationService,"cbam_direct_emissions_allocation_results, cbam_dea_product_allocations, cbam_dea_monthly_basis_snapshots, cbam_dea_source_snapshots, cbam_direct_emissions_allocation_current","cbam_direct_emissions_allocation_results, cbam_dea_product_allocations, cbam_dea_monthly_basis_snapshots, cbam_dea_source_snapshots, cbam_direct_emissions_allocation_current",reload-or-toast,inline-error,clientRequestId-if-execution,409-on-rowVersion,executeAllocation(),direct-emissions-allocation/direct-emissions-allocation.component.html,write
direct-emissions-allocation,View details,button/link,cbam:view,n/a,—,UI-only (router/tab/section),n/a,AngularRouter/UI,—,—,navigate-or-toggle,n/a,n/a,n/a,viewDetails(r.resultId),direct-emissions-allocation/direct-emissions-allocation.component.html,navigate-or-read
direct-emissions-allocation,Overview,button/link,cbam:view,n/a,—,UI-only (router/tab/section),n/a,AngularRouter/UI,—,—,navigate-or-toggle,n/a,n/a,n/a,toggleSection('overview'),direct-emissions-allocation/direct-emissions-allocation.component.html,navigate-or-read
direct-emissions-allocation,Monthly attribution,button/link,cbam:view,n/a,—,UI-only (router/tab/section),n/a,AngularRouter/UI,—,—,navigate-or-toggle,n/a,n/a,n/a,toggleSection('monthly'),direct-emissions-allocation/direct-emissions-allocation.component.html,navigate-or-read
direct-emissions-allocation,Fuels,button/link,cbam:view,n/a,—,UI-only (router/tab/section),n/a,AngularRouter/UI,—,—,navigate-or-toggle,n/a,n/a,n/a,toggleSection('fuels'),direct-emissions-allocation/direct-emissions-allocation.component.html,navigate-or-read
direct-emissions-allocation,Products,button/link,cbam:view,n/a,—,UI-only (router/tab/section),n/a,AngularRouter/UI,—,—,navigate-or-toggle,n/a,n/a,n/a,toggleSection('products'),direct-emissions-allocation/direct-emissions-allocation.component.html,navigate-or-read
direct-emissions-allocation,Balance,button/link,cbam:view,n/a,—,UI-only (router/tab/section),n/a,AngularRouter/UI,—,—,navigate-or-toggle,n/a,n/a,n/a,toggleSection('balance'),direct-emissions-allocation/direct-emissions-allocation.component.html,navigate-or-read
direct-emissions-allocation,Method and sources,button/link,cbam:view,n/a,—,UI-only (router/tab/section),n/a,AngularRouter/UI,—,—,navigate-or-toggle,n/a,n/a,n/a,toggleSection('method'),direct-emissions-allocation/direct-emissions-allocation.component.html,navigate-or-read
direct-emissions-allocation,Audit,button/link,cbam:view,n/a,—,UI-only (router/tab/section),n/a,AngularRouter/UI,—,—,navigate-or-toggle,n/a,n/a,n/a,toggleSection('audit'),direct-emissions-allocation/direct-emissions-allocation.component.html,navigate-or-read
indirect-emissions-allocation,Retry,button/link,cbam:configure,blocked-when-locked,GET,POST …/indirect-emissions-allocation/executions,n/a-query/path,CbamIndirectEmissionsAllocationService,"cbam_indirect_emissions_allocation_results, cbam_iea_product_allocations, cbam_iea_monthly_basis_snapshots, cbam_iea_source_snapshots, cbam_indirect_emissions_allocation_current",—,reload-or-toast,inline-error,n/a-read,n/a,reload(),indirect-emissions-allocation/indirect-emissions-allocation.component.html,write
indirect-emissions-allocation,Indirect Emissions,button/link,cbam:view,n/a,—,UI-only (router/tab/section),n/a,AngularRouter/UI,—,—,navigate-or-toggle,n/a,n/a,n/a,goToIndirectEmissions.emit(),indirect-emissions-allocation/indirect-emissions-allocation.component.html,navigate-or-read
indirect-emissions-allocation,Production,button/link,cbam:view,n/a,—,UI-only (router/tab/section),n/a,AngularRouter/UI,—,—,navigate-or-toggle,n/a,n/a,n/a,goToProduction.emit(),indirect-emissions-allocation/indirect-emissions-allocation.component.html,navigate-or-read
indirect-emissions-allocation,Monthly allocation data,button/link,cbam:view,n/a,—,UI-only (router/tab/section),n/a,AngularRouter/UI,—,—,navigate-or-toggle,n/a,n/a,n/a,goToMonthlyAllocationData.emit(),indirect-emissions-allocation/indirect-emissions-allocation.component.html,navigate-or-read
indirect-emissions-allocation,@if (submitting()) { Working… } @else { {{ executeButtonLabel() }} },button/link,cbam:configure,blocked-when-locked,POST/PATCH,POST …/indirect-emissions-allocation/executions; GET readiness|summary|results,handler:executeAllocation form/payload,CbamIndirectEmissionsAllocationService,"cbam_indirect_emissions_allocation_results, cbam_iea_product_allocations, cbam_iea_monthly_basis_snapshots, cbam_iea_source_snapshots, cbam_indirect_emissions_allocation_current","cbam_indirect_emissions_allocation_results, cbam_iea_product_allocations, cbam_iea_monthly_basis_snapshots, cbam_iea_source_snapshots, cbam_indirect_emissions_allocation_current",reload-or-toast,inline-error,clientRequestId-if-execution,409-on-rowVersion,executeAllocation(),indirect-emissions-allocation/indirect-emissions-allocation.component.html,write
indirect-emissions-allocation,View details,button/link,cbam:view,n/a,—,UI-only (router/tab/section),n/a,AngularRouter/UI,—,—,navigate-or-toggle,n/a,n/a,n/a,viewDetails(r.resultId),indirect-emissions-allocation/indirect-emissions-allocation.component.html,navigate-or-read
indirect-emissions-allocation,Overview,button/link,cbam:view,n/a,—,UI-only (router/tab/section),n/a,AngularRouter/UI,—,—,navigate-or-toggle,n/a,n/a,n/a,toggleSection('overview'),indirect-emissions-allocation/indirect-emissions-allocation.component.html,navigate-or-read
indirect-emissions-allocation,Monthly attribution,button/link,cbam:view,n/a,—,UI-only (router/tab/section),n/a,AngularRouter/UI,—,—,navigate-or-toggle,n/a,n/a,n/a,toggleSection('monthly'),indirect-emissions-allocation/indirect-emissions-allocation.component.html,navigate-or-read
indirect-emissions-allocation,Electricity sources,button/link,cbam:view,n/a,—,UI-only (router/tab/section),n/a,AngularRouter/UI,—,—,navigate-or-toggle,n/a,n/a,n/a,toggleSection('sources'),indirect-emissions-allocation/indirect-emissions-allocation.component.html,navigate-or-read
indirect-emissions-allocation,Product allocations,button/link,cbam:view,n/a,—,UI-only (router/tab/section),n/a,AngularRouter/UI,—,—,navigate-or-toggle,n/a,n/a,n/a,toggleSection('products'),indirect-emissions-allocation/indirect-emissions-allocation.component.html,navigate-or-read
indirect-emissions-allocation,Exported electricity,button/link,cbam:view,n/a,—,UI-only (router/tab/section),n/a,AngularRouter/UI,—,—,navigate-or-toggle,n/a,n/a,n/a,toggleSection('exported'),indirect-emissions-allocation/indirect-emissions-allocation.component.html,navigate-or-read
indirect-emissions-allocation,Balance,button/link,cbam:view,n/a,—,UI-only (router/tab/section),n/a,AngularRouter/UI,—,—,navigate-or-toggle,n/a,n/a,n/a,toggleSection('balance'),indirect-emissions-allocation/indirect-emissions-allocation.component.html,navigate-or-read
indirect-emissions-allocation,Method and audit,button/link,cbam:view,n/a,—,UI-only (router/tab/section),n/a,AngularRouter/UI,—,—,navigate-or-toggle,n/a,n/a,n/a,toggleSection('method'),indirect-emissions-allocation/indirect-emissions-allocation.component.html,navigate-or-read
installation-detail.component,Back,button/link,cbam:view,n/a,—,UI-only (router/tab/section),n/a,AngularRouter/UI,—,—,navigate-or-toggle,n/a,n/a,n/a,—,installation-detail.component.html,navigate-or-read
installation-detail.component,Save,button/link,cbam:configure,blocked-when-locked,POST/PATCH,GET|PATCH …/installations/{id}; POST …/activate|archive,handler:anonymous form/payload,CbamInstallationService,cbam_installation_profiles,cbam_installation_profiles,reload-or-toast,inline-error,n/a-or-rowVersion,409-on-rowVersion,—,installation-detail.component.html,write
installation-detail.component,Activate,button/link,cbam:configure,blocked-when-locked,POST,/api/v1/cbam/organizations/{organization_id}/installations/{id}/activate,activateInstallation request DTO,CbamInstallationService,cbam_installation_profiles,cbam_installation_profiles,reload-or-toast,inline-error,create-new-row-or-n/a,n/a,activate(),installation-detail.component.html,write
installation-detail.component,Archive,button/link,cbam:configure,blocked-when-locked,POST,/api/v1/cbam/organizations/{organization_id}/installations/{id}/archive,archiveInstallation body incl. rowVersion where applicable,CbamInstallationService,cbam_installation_profiles,cbam_installation_profiles,reload-or-toast,inline-error,rowVersion,409-on-rowVersion,archive(),installation-detail.component.html,write
installation-form.component,Back,button/link,cbam:view,n/a,—,UI-only (router/tab/section),n/a,AngularRouter/UI,—,—,navigate-or-toggle,n/a,n/a,n/a,—,installation-form.component.html,navigate-or-read
installation-form.component,Save,button/link,cbam:configure,blocked-when-locked,POST/PATCH,POST …/installations,handler:anonymous form/payload,CbamInstallationService,cbam_installation_profiles,cbam_installation_profiles,reload-or-toast,inline-error,n/a-or-rowVersion,409-on-rowVersion,—,installation-form.component.html,write
installation-list.component,New Installation,button/link,cbam:view,n/a,—,UI-only (router/tab/section),n/a,AngularRouter/UI,—,—,navigate-or-toggle,n/a,n/a,n/a,—,installation-list.component.html,navigate-or-read
installation-list.component,Filter,button/link,cbam:view,n/a,—,UI-only (router/tab/section),n/a,AngularRouter/UI,—,—,navigate-or-toggle,n/a,n/a,n/a,—,installation-list.component.html,navigate-or-read
installation-list.component,View,button/link,cbam:view,n/a,—,UI-only (router/tab/section),n/a,AngularRouter/UI,—,—,navigate-or-toggle,n/a,n/a,n/a,—,installation-list.component.html,navigate-or-read
monthly-allocation-data,Retry,button/link,cbam:configure,blocked-when-locked,GET,GET|POST …/monthly-production-basis,n/a-query/path,CbamMonthlyProductionBasisService,cbam_monthly_production_basis,—,reload-or-toast,inline-error,n/a-read,n/a,reload(),monthly-allocation-data/monthly-allocation-data.component.html,write
monthly-allocation-data,Open Direct Emissions,button/link,cbam:configure,blocked-when-locked,—,UI-only (router/tab/section),n/a,AngularRouter/UI,—,—,navigate-or-toggle,n/a,n/a,n/a,openDirectEmissions(),monthly-allocation-data/monthly-allocation-data.component.html,write
monthly-allocation-data,Reload,button/link,cbam:view,n/a,GET,GET|POST …/monthly-production-basis,n/a-query/path,CbamMonthlyProductionBasisService,cbam_monthly_production_basis,—,reload-or-toast,inline-error,n/a-read,n/a,reloadMonth(row),monthly-allocation-data/monthly-allocation-data.component.html,navigate-or-read
monthly-allocation-data,Save,button/link,cbam:configure,blocked-when-locked,POST/PATCH,GET|POST|PATCH|DELETE …/monthly-production-basis,handler:anonymous form/payload,CbamMonthlyProductionBasisService,cbam_monthly_production_basis,cbam_monthly_production_basis,reload-or-toast,inline-error,n/a-or-rowVersion,409-on-rowVersion,—,monthly-allocation-data/monthly-allocation-data.component.html,write
monthly-allocation-data,Cancel,button/link,cbam:view,n/a,—,UI-only (router/tab/section),n/a,AngularRouter/UI,—,—,navigate-or-toggle,n/a,n/a,n/a,cancelEdit(),monthly-allocation-data/monthly-allocation-data.component.html,navigate-or-read
monthly-allocation-data,{{ row.record ? 'Edit' : 'Enter' }},button/link,cbam:view,n/a,—,UI-only (router/tab/section),n/a,AngularRouter/UI,—,—,navigate-or-toggle,n/a,n/a,n/a,startEdit(row),monthly-allocation-data/monthly-allocation-data.component.html,navigate-or-read
monthly-allocation-data,Delete,button/link,cbam:configure,blocked-when-locked,DELETE,/api/v1/cbam/organizations/{organization_id}/monthly-production-basis/{id},deleteMonthlyProductionBasis body incl. rowVersion where applicable,CbamMonthlyProductionBasisService,cbam_monthly_production_basis,cbam_monthly_production_basis,reload-or-toast,inline-error,rowVersion,409-on-rowVersion,deleteMonth(row),monthly-allocation-data/monthly-allocation-data.component.html,write
official-see-export,Open related section,button/link,cbam:configure,blocked-when-locked,—,UI-only (router/tab/section),n/a,AngularRouter/UI,—,—,navigate-or-toggle,n/a,n/a,n/a,navigate(target),official-see-export/official-see-export.component.html,write
official-see-export,Refresh status,button/link,cbam:view,n/a,GET,POST …/official-see-export/executions,n/a-query/path,CbamOfficialSeeExportService,"cbam_official_see_export_runs, cbam_official_see_export_artifacts",—,reload-or-toast,inline-error,n/a-read,n/a,refresh(),official-see-export/official-see-export.component.html,navigate-or-read
official-see-export,Download current official Excel,button/link,cbam:view,n/a,GET,/api/v1/cbam/organizations/{organization_id}/official-see-export/artifacts/{id}/download; /api/v1/cbam/organizations/{organization_id}/official-see-export/runs/{id}; /api/v1/cbam/organizations/{organization_id}/official-see-export/runs/{id}/artifacts; /api/v1/cbam/organizations/{organization_id}/reporting-period-bindings/{id}/official-see-export/readiness,query/path params,CbamOfficialSeeExportService,"cbam_official_see_export_runs, cbam_official_see_export_artifacts",—,reload-or-toast,inline-error,n/a-read,n/a,downloadCurrent(),official-see-export/official-see-export.component.html,navigate-or-read
official-see-export,@if (submitting()) { Generating… } @else { Generate official Excel },button/link,cbam:configure,blocked-when-locked,POST,/api/v1/cbam/organizations/{organization_id}/reporting-period-bindings/{id}/official-see-export/executions,createOfficialSeeExportRun body incl. clientRequestId,CbamOfficialSeeExportService,"cbam_official_see_export_runs, cbam_official_see_export_artifacts","cbam_official_see_export_runs, cbam_official_see_export_artifacts",reload-or-toast,inline-error,clientRequestId,server-dedupe-on-clientRequestId,generate(),official-see-export/official-see-export.component.html,write
official-see-export,Download,button/link,cbam:view,n/a,GET,/api/v1/cbam/organizations/{organization_id}/official-see-export/runs/{id}/artifacts,query/path params,CbamOfficialSeeExportService,"cbam_official_see_export_runs, cbam_official_see_export_artifacts",—,reload-or-toast,inline-error,n/a-read,n/a,downloadRun(r),official-see-export/official-see-export.component.html,navigate-or-read
period-detail.component,Back,button/link,cbam:view,n/a,—,UI-only (router/tab/section),n/a,AngularRouter/UI,—,—,navigate-or-toggle,n/a,n/a,n/a,—,period-detail.component.html,navigate-or-read
period-detail.component,Open Data Collection,button/link,cbam:configure,blocked-when-locked,POST,/api/v1/cbam/organizations/{organization_id}/reporting-period-bindings/{id}/open-data-collection,openDataCollection request DTO,CbamPeriodWorkspaceServices,cbam_reporting_period_bindings,cbam_reporting_period_bindings,reload-or-toast,inline-error,create-new-row-or-n/a,n/a,openDataCollection(),period-detail.component.html,write
period-detail.component,Archive,button/link,cbam:configure,blocked-when-locked,POST,/api/v1/cbam/organizations/{organization_id}/reporting-period-bindings/{id}/archive,archivePeriodBinding body incl. rowVersion where applicable,CbamPeriodWorkspaceServices,cbam_reporting_period_bindings,cbam_reporting_period_bindings,reload-or-toast,inline-error,rowVersion,409-on-rowVersion,archive(),period-detail.component.html,write
period-detail.component,Save link,button/link,cbam:configure,blocked-when-locked,POST/PATCH,GET …/reporting-period-bindings/{id}; period-scoped CRUD,handler:confirmLinkProfile form/payload,CbamPeriodWorkspaceServices,"cbam_reporting_period_bindings, cbam_production_records, cbam_activity_records, cbam_purchased_input_records, cbam_allocation_rules, cbam_allocation_results, cbam_factor_resolutions, cbam_calculation_runs, cbam_calculation_results, cbam_export_runs, cbam_export_artifacts","cbam_reporting_period_bindings, cbam_production_records, cbam_activity_records, cbam_purchased_input_records, cbam_allocation_rules, cbam_allocation_results, cbam_factor_resolutions, cbam_calculation_runs, cbam_calculation_results, cbam_export_runs, cbam_export_artifacts",reload-or-toast,inline-error,n/a-or-rowVersion,409-on-rowVersion,confirmLinkProfile(r),period-detail.component.html,write
period-detail.component,Cancel,button/link,cbam:view,n/a,—,UI-only (router/tab/section),n/a,AngularRouter/UI,—,—,navigate-or-toggle,n/a,n/a,n/a,cancelLinkProfile(),period-detail.component.html,navigate-or-read
period-detail.component,Link profile,button/link,cbam:view,n/a,—,UI-only (router/tab/section),n/a,AngularRouter/UI,—,—,navigate-or-toggle,n/a,n/a,n/a,startLinkProfile(r),period-detail.component.html,navigate-or-read
period-detail.component,Archive,button/link,cbam:configure,blocked-when-locked,POST,/api/v1/cbam/organizations/{organization_id}/production-records/{id}/archive,archiveProductionRecord body incl. rowVersion where applicable,CbamPeriodWorkspaceServices,cbam_production_records,cbam_production_records,reload-or-toast,inline-error,rowVersion,409-on-rowVersion,archiveProduction(r),period-detail.component.html,write
period-detail.component,Save,button/link,cbam:configure,blocked-when-locked,POST/PATCH,GET …/reporting-period-bindings/{id}; period-scoped CRUD,handler:anonymous form/payload,CbamPeriodWorkspaceServices,"cbam_reporting_period_bindings, cbam_production_records, cbam_activity_records, cbam_purchased_input_records, cbam_allocation_rules, cbam_allocation_results, cbam_factor_resolutions, cbam_calculation_runs, cbam_calculation_results, cbam_export_runs, cbam_export_artifacts","cbam_reporting_period_bindings, cbam_production_records, cbam_activity_records, cbam_purchased_input_records, cbam_allocation_rules, cbam_allocation_results, cbam_factor_resolutions, cbam_calculation_runs, cbam_calculation_results, cbam_export_runs, cbam_export_artifacts",reload-or-toast,inline-error,n/a-or-rowVersion,409-on-rowVersion,—,period-detail.component.html,write
period-detail.component,Archive,button/link,cbam:configure,blocked-when-locked,POST,/api/v1/cbam/organizations/{organization_id}/activity-records/{id}/archive,archiveActivityRecord body incl. rowVersion where applicable,CbamPeriodWorkspaceServices,cbam_activity_records,cbam_activity_records,reload-or-toast,inline-error,rowVersion,409-on-rowVersion,archiveActivity(r),period-detail.component.html,write
period-detail.component,Archive,button/link,cbam:configure,blocked-when-locked,POST,/api/v1/cbam/organizations/{organization_id}/purchased-inputs/{id}/archive,archivePurchasedInput body incl. rowVersion where applicable,CbamPeriodWorkspaceServices,cbam_purchased_input_records,cbam_purchased_input_records,reload-or-toast,inline-error,rowVersion,409-on-rowVersion,archivePurchased(r),period-detail.component.html,write
period-detail.component,Activate,button/link,cbam:configure,blocked-when-locked,POST,/api/v1/cbam/organizations/{organization_id}/allocation-rules/{id}/activate,activateAllocationRule request DTO,CbamPeriodWorkspaceServices,cbam_allocation_rules,cbam_allocation_rules,reload-or-toast,inline-error,create-new-row-or-n/a,n/a,activateAllocationRule(r),period-detail.component.html,write
period-detail.component,Archive,button/link,cbam:configure,blocked-when-locked,POST,/api/v1/cbam/organizations/{organization_id}/allocation-rules/{id}/archive,archiveAllocationRule body incl. rowVersion where applicable,CbamPeriodWorkspaceServices,cbam_allocation_rules,cbam_allocation_rules,reload-or-toast,inline-error,rowVersion,409-on-rowVersion,archiveAllocationRule(r),period-detail.component.html,write
period-detail.component,Allocate Activity,button/link,cbam:configure,blocked-when-locked,POST,/api/v1/cbam/organizations/{organization_id}/allocation-rules/{id}/allocate/activity-records/{id},allocateActivityRecord request DTO,CbamPeriodWorkspaceServices,cbam_activity_records,cbam_activity_records,reload-or-toast,inline-error,create-new-row-or-n/a,n/a,allocateSelectedActivity(r),period-detail.component.html,write
period-detail.component,Allocate Input,button/link,cbam:configure,blocked-when-locked,POST,/api/v1/cbam/organizations/{organization_id}/allocation-rules/{id}/allocate/purchased-inputs/{id},allocatePurchasedInput request DTO,CbamPeriodWorkspaceServices,cbam_purchased_input_records,cbam_purchased_input_records,reload-or-toast,inline-error,create-new-row-or-n/a,n/a,allocateSelectedPurchased(r),period-detail.component.html,write
period-detail.component,Recalculate,button/link,cbam:configure,blocked-when-locked,POST,/api/v1/cbam/organizations/{organization_id}/allocation-results/{id}/recalculate,recalculateAllocationResult request DTO,CbamPeriodWorkspaceServices,cbam_allocation_results,cbam_allocation_results,reload-or-toast,inline-error,create-new-row-or-n/a,n/a,recalculateResult(r),period-detail.component.html,write
period-detail.component,Save Rule,button/link,cbam:configure,blocked-when-locked,POST/PATCH,GET …/reporting-period-bindings/{id}; period-scoped CRUD,handler:anonymous form/payload,CbamPeriodWorkspaceServices,"cbam_reporting_period_bindings, cbam_production_records, cbam_activity_records, cbam_purchased_input_records, cbam_allocation_rules, cbam_allocation_results, cbam_factor_resolutions, cbam_calculation_runs, cbam_calculation_results, cbam_export_runs, cbam_export_artifacts","cbam_reporting_period_bindings, cbam_production_records, cbam_activity_records, cbam_purchased_input_records, cbam_allocation_rules, cbam_allocation_results, cbam_factor_resolutions, cbam_calculation_runs, cbam_calculation_results, cbam_export_runs, cbam_export_artifacts",reload-or-toast,inline-error,n/a-or-rowVersion,409-on-rowVersion,—,period-detail.component.html,write
period-detail.component,Resolve Again,button/link,cbam:view,n/a,POST,/api/v1/cbam/organizations/{organization_id}/activity-records/{id}/factor-resolutions/{id}/resolve; /api/v1/cbam/organizations/{organization_id}/allocation-results/{id}/factor-resolutions/{id}/resolve; /api/v1/cbam/organizations/{organization_id}/purchased-inputs/{id}/factor-resolutions/{id}/resolve,resolveActivityFactor request DTO,CbamPeriodWorkspaceServices,"cbam_activity_records, cbam_purchased_input_records, cbam_allocation_results","cbam_activity_records, cbam_purchased_input_records, cbam_allocation_results",reload-or-toast,inline-error,create-new-row-or-n/a,n/a,reresolve(r),period-detail.component.html,navigate-or-read
period-detail.component,Save Primary Value,button/link,cbam:configure,blocked-when-locked,POST/PATCH,GET …/reporting-period-bindings/{id}; period-scoped CRUD,handler:anonymous form/payload,CbamPeriodWorkspaceServices,"cbam_reporting_period_bindings, cbam_production_records, cbam_activity_records, cbam_purchased_input_records, cbam_allocation_rules, cbam_allocation_results, cbam_factor_resolutions, cbam_calculation_runs, cbam_calculation_results, cbam_export_runs, cbam_export_artifacts","cbam_reporting_period_bindings, cbam_production_records, cbam_activity_records, cbam_purchased_input_records, cbam_allocation_rules, cbam_allocation_results, cbam_factor_resolutions, cbam_calculation_runs, cbam_calculation_results, cbam_export_runs, cbam_export_artifacts",reload-or-toast,inline-error,n/a-or-rowVersion,409-on-rowVersion,—,period-detail.component.html,write
period-detail.component,Resolve,button/link,cbam:view,n/a,—,UI-only (router/tab/section),n/a,AngularRouter/UI,—,—,navigate-or-toggle,n/a,n/a,n/a,—,period-detail.component.html,navigate-or-read
period-detail.component,Calculate,button/link,cbam:configure,blocked-when-locked,POST,/api/v1/cbam/organizations/{organization_id}/reporting-period-bindings/{id}/calculation-runs,createCalculationRun request DTO,CbamPeriodWorkspaceServices,cbam_calculation_runs,cbam_calculation_runs,reload-or-toast,inline-error,create-new-row-or-n/a,n/a,startAndExecuteCalculation(),period-detail.component.html,write
period-detail.component,{{ r.status }} — {{ r.calculatedCount }} calculated,button/link,cbam:configure,blocked-when-locked,—,UI-only (router/tab/section),n/a,AngularRouter/UI,—,—,navigate-or-toggle,n/a,n/a,n/a,selectCalculationRun(r),period-detail.component.html,write
period-detail.component,Recalculate,button/link,cbam:configure,blocked-when-locked,POST,/api/v1/cbam/organizations/{organization_id}/calculation-results/{id}/recalculate,recalculateCalculationResult request DTO,CbamPeriodWorkspaceServices,cbam_calculation_results,cbam_calculation_results,reload-or-toast,inline-error,create-new-row-or-n/a,n/a,recalculateCalculationResult(r),period-detail.component.html,write
period-detail.component,Generate Excel,button/link,cbam:configure,blocked-when-locked,POST/PATCH,GET …/reporting-period-bindings/{id}; period-scoped CRUD,handler:generateExport form/payload,CbamPeriodWorkspaceServices,"cbam_reporting_period_bindings, cbam_production_records, cbam_activity_records, cbam_purchased_input_records, cbam_allocation_rules, cbam_allocation_results, cbam_factor_resolutions, cbam_calculation_runs, cbam_calculation_results, cbam_export_runs, cbam_export_artifacts","cbam_reporting_period_bindings, cbam_production_records, cbam_activity_records, cbam_purchased_input_records, cbam_allocation_rules, cbam_allocation_results, cbam_factor_resolutions, cbam_calculation_runs, cbam_calculation_results, cbam_export_runs, cbam_export_artifacts",reload-or-toast,inline-error,clientRequestId-if-execution,409-on-rowVersion,generateExport(),period-detail.component.html,write
period-detail.component,Download,button/link,cbam:view,n/a,GET,/api/v1/cbam/organizations/{organization_id}/exports/{id}/artifacts,query/path params,CbamPeriodWorkspaceServices,"cbam_export_runs, cbam_export_artifacts",—,reload-or-toast,inline-error,n/a-read,n/a,downloadLatestXlsx(r),period-detail.component.html,navigate-or-read
period-list.component,Add Draft Binding,button/link,cbam:configure,blocked-when-locked,POST/PATCH,GET|POST …/reporting-period-bindings,handler:anonymous form/payload,CbamReportingPeriodBindingService,cbam_reporting_period_bindings,cbam_reporting_period_bindings,reload-or-toast,inline-error,n/a-or-rowVersion,409-on-rowVersion,—,period-list.component.html,write
period-list.component,View,button/link,cbam:view,n/a,—,UI-only (router/tab/section),n/a,AngularRouter/UI,—,—,navigate-or-toggle,n/a,n/a,n/a,—,period-list.component.html,navigate-or-read
product-embedded-emissions,Retry,button/link,cbam:configure,blocked-when-locked,GET,POST …/product-embedded-emissions/executions,n/a-query/path,CbamProductEmbeddedEmissionsService,"cbam_product_embedded_emissions_results, cbam_product_embedded_emissions_products, cbam_product_embedded_emissions_current",—,reload-or-toast,inline-error,n/a-read,n/a,reload(),product-embedded-emissions/product-embedded-emissions.component.html,write
product-embedded-emissions,Product Profiles,button/link,cbam:view,n/a,—,UI-only (router/tab/section),n/a,AngularRouter/UI,—,—,navigate-or-toggle,n/a,n/a,n/a,goToProductProfiles.emit(),product-embedded-emissions/product-embedded-emissions.component.html,navigate-or-read
product-embedded-emissions,Production,button/link,cbam:view,n/a,—,UI-only (router/tab/section),n/a,AngularRouter/UI,—,—,navigate-or-toggle,n/a,n/a,n/a,goToProduction.emit(),product-embedded-emissions/product-embedded-emissions.component.html,navigate-or-read
product-embedded-emissions,Direct Emissions,button/link,cbam:view,n/a,—,UI-only (router/tab/section),n/a,AngularRouter/UI,—,—,navigate-or-toggle,n/a,n/a,n/a,goToDirectEmissions.emit(),product-embedded-emissions/product-embedded-emissions.component.html,navigate-or-read
product-embedded-emissions,Indirect Emissions,button/link,cbam:view,n/a,—,UI-only (router/tab/section),n/a,AngularRouter/UI,—,—,navigate-or-toggle,n/a,n/a,n/a,goToIndirectEmissions.emit(),product-embedded-emissions/product-embedded-emissions.component.html,navigate-or-read
product-embedded-emissions,Processes,button/link,cbam:view,n/a,—,UI-only (router/tab/section),n/a,AngularRouter/UI,—,—,navigate-or-toggle,n/a,n/a,n/a,goToProcesses.emit(),product-embedded-emissions/product-embedded-emissions.component.html,navigate-or-read
product-embedded-emissions,Purchased Inputs,button/link,cbam:view,n/a,—,UI-only (router/tab/section),n/a,AngularRouter/UI,—,—,navigate-or-toggle,n/a,n/a,n/a,goToPurchasedInputs.emit(),product-embedded-emissions/product-embedded-emissions.component.html,navigate-or-read
product-embedded-emissions,Allocation,button/link,cbam:view,n/a,—,UI-only (router/tab/section),n/a,AngularRouter/UI,—,—,navigate-or-toggle,n/a,n/a,n/a,goToAllocation.emit(),product-embedded-emissions/product-embedded-emissions.component.html,navigate-or-read
product-embedded-emissions,@if (submitting()) { Working… } @else { {{ executeButtonLabel() }} },button/link,cbam:configure,blocked-when-locked,POST/PATCH,POST …/product-embedded-emissions/executions; GET readiness|summary|results,handler:executeRollup form/payload,CbamProductEmbeddedEmissionsService,"cbam_product_embedded_emissions_results, cbam_product_embedded_emissions_products, cbam_product_embedded_emissions_current","cbam_product_embedded_emissions_results, cbam_product_embedded_emissions_products, cbam_product_embedded_emissions_current",reload-or-toast,inline-error,n/a-or-rowVersion,409-on-rowVersion,executeRollup(),product-embedded-emissions/product-embedded-emissions.component.html,write
product-embedded-emissions,{{ p.productName }},button/link,cbam:view,n/a,—,UI-only (router/tab/section),n/a,AngularRouter/UI,—,—,navigate-or-toggle,n/a,n/a,n/a,selectProduct(p.productProfileVersionId),product-embedded-emissions/product-embedded-emissions.component.html,navigate-or-read
product-embedded-emissions,View details,button/link,cbam:view,n/a,—,UI-only (router/tab/section),n/a,AngularRouter/UI,—,—,navigate-or-toggle,n/a,n/a,n/a,viewDetails(r.resultId),product-embedded-emissions/product-embedded-emissions.component.html,navigate-or-read
product-embedded-emissions,Own emissions,button/link,cbam:view,n/a,—,UI-only (router/tab/section),n/a,AngularRouter/UI,—,—,navigate-or-toggle,n/a,n/a,n/a,toggleSection('own'),product-embedded-emissions/product-embedded-emissions.component.html,navigate-or-read
product-embedded-emissions,Purchased precursors,button/link,cbam:view,n/a,—,UI-only (router/tab/section),n/a,AngularRouter/UI,—,—,navigate-or-toggle,n/a,n/a,n/a,toggleSection('precursors'),product-embedded-emissions/product-embedded-emissions.component.html,navigate-or-read
product-embedded-emissions,Internal products,button/link,cbam:view,n/a,—,UI-only (router/tab/section),n/a,AngularRouter/UI,—,—,navigate-or-toggle,n/a,n/a,n/a,toggleSection('internal'),product-embedded-emissions/product-embedded-emissions.component.html,navigate-or-read
product-embedded-emissions,Totals,button/link,cbam:view,n/a,—,UI-only (router/tab/section),n/a,AngularRouter/UI,—,—,navigate-or-toggle,n/a,n/a,n/a,toggleSection('totals'),product-embedded-emissions/product-embedded-emissions.component.html,navigate-or-read
product-profiles,Retry,button/link,cbam:configure,blocked-when-locked,POST/PATCH,GET|POST|PATCH …/product-profile-versions; GET …/cn-codes/search,handler:loadProducts form/payload,CbamProductProfileService,"cbam_product_profile_versions, cbam_cn_codes","cbam_product_profile_versions, cbam_cn_codes",reload-or-toast,inline-error,n/a-or-rowVersion,409-on-rowVersion,loadProducts(),product-profiles/product-profiles.component.html,write
product-profiles,Open product management,button/link,cbam:configure,blocked-when-locked,POST/PATCH,GET|POST|PATCH …/product-profile-versions; GET …/cn-codes/search,handler:anonymous form/payload,CbamProductProfileService,"cbam_product_profile_versions, cbam_cn_codes","cbam_product_profile_versions, cbam_cn_codes",reload-or-toast,inline-error,n/a-or-rowVersion,409-on-rowVersion,—,product-profiles/product-profiles.component.html,write
product-profiles,{{ product.code }} {{ product.name }},button/link,cbam:view,n/a,—,UI-only (router/tab/section),n/a,AngularRouter/UI,—,—,navigate-or-toggle,n/a,n/a,n/a,selectProduct(product.id),product-profiles/product-profiles.component.html,navigate-or-read
product-profiles,Retry,button/link,cbam:configure,blocked-when-locked,—,UI-only (router/tab/section),n/a,AngularRouter/UI,—,—,navigate-or-toggle,n/a,n/a,n/a,selectedProductId() && loadVersions(selectedProductId()!),product-profiles/product-profiles.component.html,write
product-profiles,Create draft profile,button/link,cbam:configure,blocked-when-locked,POST/PATCH,GET|POST|PATCH …/product-profile-versions; GET …/cn-codes/search,handler:createDraft form/payload,CbamProductProfileService,"cbam_product_profile_versions, cbam_cn_codes","cbam_product_profile_versions, cbam_cn_codes",reload-or-toast,inline-error,n/a-or-rowVersion,409-on-rowVersion,createDraft(),product-profiles/product-profiles.component.html,write
product-profiles,Retry CN search,button/link,cbam:configure,blocked-when-locked,POST/PATCH,GET|POST|PATCH …/product-profile-versions; GET …/cn-codes/search,handler:retryCnSearch form/payload,CbamProductProfileService,"cbam_product_profile_versions, cbam_cn_codes","cbam_product_profile_versions, cbam_cn_codes",reload-or-toast,inline-error,n/a-or-rowVersion,409-on-rowVersion,retryCnSearch(),product-profiles/product-profiles.component.html,write
product-profiles,Retry reducing materials,button/link,cbam:configure,blocked-when-locked,POST/PATCH,GET|POST|PATCH …/product-profile-versions; GET …/cn-codes/search,handler:retryReducingAgents form/payload,CbamProductProfileService,"cbam_product_profile_versions, cbam_cn_codes","cbam_product_profile_versions, cbam_cn_codes",reload-or-toast,inline-error,n/a-or-rowVersion,409-on-rowVersion,retryReducingAgents(),product-profiles/product-profiles.component.html,write
product-profiles,Save draft,button/link,cbam:configure,blocked-when-locked,POST/PATCH,GET|POST|PATCH …/product-profile-versions; GET …/cn-codes/search,handler:anonymous form/payload,CbamProductProfileService,"cbam_product_profile_versions, cbam_cn_codes","cbam_product_profile_versions, cbam_cn_codes",reload-or-toast,inline-error,n/a-or-rowVersion,409-on-rowVersion,—,product-profiles/product-profiles.component.html,write
product-profiles,Publish,button/link,cbam:configure,blocked-when-locked,POST/PATCH,GET|POST|PATCH …/product-profile-versions; GET …/cn-codes/search,handler:publish form/payload,CbamProductProfileService,"cbam_product_profile_versions, cbam_cn_codes","cbam_product_profile_versions, cbam_cn_codes",reload-or-toast,inline-error,n/a-or-rowVersion,409-on-rowVersion,publish(),product-profiles/product-profiles.component.html,write
product-profiles,Create new version,button/link,cbam:configure,blocked-when-locked,POST/PATCH,GET|POST|PATCH …/product-profile-versions; GET …/cn-codes/search,handler:createNewVersion form/payload,CbamProductProfileService,"cbam_product_profile_versions, cbam_cn_codes","cbam_product_profile_versions, cbam_cn_codes",reload-or-toast,inline-error,n/a-or-rowVersion,409-on-rowVersion,createNewVersion(),product-profiles/product-profiles.component.html,write
product-profiles,Archive,button/link,cbam:configure,blocked-when-locked,POST/PATCH,GET|POST|PATCH …/product-profile-versions; GET …/cn-codes/search,handler:archive form/payload,CbamProductProfileService,"cbam_product_profile_versions, cbam_cn_codes","cbam_product_profile_versions, cbam_cn_codes",reload-or-toast,inline-error,n/a-or-rowVersion,409-on-rowVersion,archive(),product-profiles/product-profiles.component.html,write
product-profiles,Cancel,button/link,cbam:view,n/a,—,UI-only (router/tab/section),n/a,AngularRouter/UI,—,—,navigate-or-toggle,n/a,n/a,n/a,cancelEdits(),product-profiles/product-profiles.component.html,navigate-or-read
product-profiles,Open,button/link,cbam:configure,blocked-when-locked,—,UI-only (router/tab/section),n/a,AngularRouter/UI,—,—,navigate-or-toggle,n/a,n/a,n/a,selectProfile(row.id),product-profiles/product-profiles.component.html,write
production-processes,Retry,button/link,cbam:configure,blocked-when-locked,GET,GET|POST|PATCH …/production-processes,n/a-query/path,CbamProductionProcessService,"cbam_production_processes, cbam_production_process_product_uses",—,reload-or-toast,inline-error,n/a-read,n/a,reload(),production-processes/production-processes.component.html,write
production-processes,Reload,button/link,cbam:configure,blocked-when-locked,—,UI-only (router/tab/section),n/a,AngularRouter/UI,—,—,navigate-or-toggle,n/a,n/a,n/a,selected()?.id ? openProcess(selected()!.id) : reload(),production-processes/production-processes.component.html,write
production-processes,Create draft process,button/link,cbam:configure,blocked-when-locked,POST/PATCH,GET|POST|PATCH …/production-processes; product-uses CRUD,handler:startCreate form/payload,CbamProductionProcessService,"cbam_production_processes, cbam_production_process_product_uses","cbam_production_processes, cbam_production_process_product_uses",reload-or-toast,inline-error,n/a-or-rowVersion,409-on-rowVersion,startCreate(),production-processes/production-processes.component.html,write
production-processes,Create draft,button/link,cbam:configure,blocked-when-locked,POST/PATCH,GET|POST|PATCH …/production-processes; product-uses CRUD,handler:anonymous form/payload,CbamProductionProcessService,"cbam_production_processes, cbam_production_process_product_uses","cbam_production_processes, cbam_production_process_product_uses",reload-or-toast,inline-error,n/a-or-rowVersion,409-on-rowVersion,—,production-processes/production-processes.component.html,write
production-processes,Cancel,button/link,cbam:configure,blocked-when-locked,—,UI-only (router/tab/section),n/a,AngularRouter/UI,—,—,navigate-or-toggle,n/a,n/a,n/a,cancelCreate(),production-processes/production-processes.component.html,write
production-processes,Open,button/link,cbam:configure,blocked-when-locked,GET,/api/v1/cbam/organizations/{organization_id}/reporting-period-bindings/{id}/production-processes/{id}; /api/v1/cbam/organizations/{organization_id}/reporting-period-bindings/{id}/production-processes/{id}/readiness,query/path params,CbamProductionProcessService,"cbam_production_processes, cbam_production_process_product_uses",—,reload-or-toast,inline-error,n/a-read,n/a,openProcess(row.id),production-processes/production-processes.component.html,write
production-processes,Remove,button/link,cbam:view,n/a,—,UI-only (router/tab/section),n/a,AngularRouter/UI,—,—,navigate-or-toggle,n/a,n/a,n/a,removeProductUse(use),production-processes/production-processes.component.html,navigate-or-read
production-processes,Add product use,button/link,cbam:configure,blocked-when-locked,POST/PATCH,GET|POST|PATCH …/production-processes; product-uses CRUD,handler:addProductUse form/payload,CbamProductionProcessService,"cbam_production_processes, cbam_production_process_product_uses","cbam_production_processes, cbam_production_process_product_uses",reload-or-toast,inline-error,n/a-or-rowVersion,409-on-rowVersion,addProductUse(),production-processes/production-processes.component.html,write
production-processes,Direct Emissions Allocation,button/link,cbam:view,n/a,—,UI-only (router/tab/section),n/a,AngularRouter/UI,—,—,navigate-or-toggle,n/a,n/a,n/a,goToDirectEmissionsAllocation.emit(),production-processes/production-processes.component.html,navigate-or-read
production-processes,Indirect Emissions Allocation,button/link,cbam:view,n/a,—,UI-only (router/tab/section),n/a,AngularRouter/UI,—,—,navigate-or-toggle,n/a,n/a,n/a,goToIndirectEmissionsAllocation.emit(),production-processes/production-processes.component.html,navigate-or-read
production-processes,Save draft,button/link,cbam:configure,blocked-when-locked,POST/PATCH,GET|POST|PATCH …/production-processes; product-uses CRUD,handler:anonymous form/payload,CbamProductionProcessService,"cbam_production_processes, cbam_production_process_product_uses","cbam_production_processes, cbam_production_process_product_uses",reload-or-toast,inline-error,n/a-or-rowVersion,409-on-rowVersion,—,production-processes/production-processes.component.html,write
production-processes,Archive,button/link,cbam:configure,blocked-when-locked,POST/PATCH,GET|POST|PATCH …/production-processes; product-uses CRUD,handler:requestArchive form/payload,CbamProductionProcessService,"cbam_production_processes, cbam_production_process_product_uses","cbam_production_processes, cbam_production_process_product_uses",reload-or-toast,inline-error,n/a-or-rowVersion,409-on-rowVersion,requestArchive(),production-processes/production-processes.component.html,write
production-processes,Confirm archive,button/link,cbam:configure,blocked-when-locked,POST/PATCH,GET|POST|PATCH …/production-processes; product-uses CRUD,handler:confirmArchive form/payload,CbamProductionProcessService,"cbam_production_processes, cbam_production_process_product_uses","cbam_production_processes, cbam_production_process_product_uses",reload-or-toast,inline-error,n/a-or-rowVersion,409-on-rowVersion,confirmArchive(),production-processes/production-processes.component.html,write
production-processes,Cancel,button/link,cbam:configure,blocked-when-locked,—,UI-only (router/tab/section),n/a,AngularRouter/UI,—,—,navigate-or-toggle,n/a,n/a,n/a,cancelArchive(),production-processes/production-processes.component.html,write
purchased-electricity,Retry,button/link,cbam:configure,blocked-when-locked,GET,POST …/purchased-electricity/executions,n/a-query/path,CbamPurchasedElectricityService,"cbam_purchased_electricity_results, cbam_purchased_electricity_current_results, cbam_activity_records",—,reload-or-toast,inline-error,n/a-read,n/a,reload(),purchased-electricity/purchased-electricity.component.html,write
purchased-electricity,Go to Activities,button/link,cbam:configure,blocked-when-locked,—,UI-only (router/tab/section),n/a,AngularRouter/UI,—,—,navigate-or-toggle,n/a,n/a,n/a,openActivitiesTab(),purchased-electricity/purchased-electricity.component.html,write
purchased-electricity,{{ calculationActionLabel() }},button/link,cbam:view,n/a,—,UI-only (router/tab/section),n/a,AngularRouter/UI,—,—,navigate-or-toggle,n/a,n/a,n/a,—,purchased-electricity/purchased-electricity.component.html,navigate-or-read
purchased-electricity,View details,button/link,cbam:view,n/a,—,UI-only (router/tab/section),n/a,AngularRouter/UI,—,—,navigate-or-toggle,n/a,n/a,n/a,viewDetails(row.resultId),purchased-electricity/purchased-electricity.component.html,navigate-or-read
purchased-electricity,Input,button/link,cbam:view,n/a,—,UI-only (router/tab/section),n/a,AngularRouter/UI,—,—,navigate-or-toggle,n/a,n/a,n/a,toggleSection('input'),purchased-electricity/purchased-electricity.component.html,navigate-or-read
purchased-electricity,Calculation,button/link,cbam:view,n/a,—,UI-only (router/tab/section),n/a,AngularRouter/UI,—,—,navigate-or-toggle,n/a,n/a,n/a,toggleSection('calculation'),purchased-electricity/purchased-electricity.component.html,navigate-or-read
purchased-electricity,Emission factor,button/link,cbam:view,n/a,—,UI-only (router/tab/section),n/a,AngularRouter/UI,—,—,navigate-or-toggle,n/a,n/a,n/a,toggleSection('factor'),purchased-electricity/purchased-electricity.component.html,navigate-or-read
purchased-electricity,Exported electricity,button/link,cbam:view,n/a,—,UI-only (router/tab/section),n/a,AngularRouter/UI,—,—,navigate-or-toggle,n/a,n/a,n/a,toggleSection('exported'),purchased-electricity/purchased-electricity.component.html,navigate-or-read
purchased-electricity,Sources,button/link,cbam:view,n/a,—,UI-only (router/tab/section),n/a,AngularRouter/UI,—,—,navigate-or-toggle,n/a,n/a,n/a,toggleSection('sources'),purchased-electricity/purchased-electricity.component.html,navigate-or-read
purchased-electricity,Audit,button/link,cbam:view,n/a,—,UI-only (router/tab/section),n/a,AngularRouter/UI,—,—,navigate-or-toggle,n/a,n/a,n/a,toggleSection('audit'),purchased-electricity/purchased-electricity.component.html,navigate-or-read
purchased-precursors,Retry,button/link,cbam:configure,blocked-when-locked,GET,GET|POST|PATCH …/purchased-precursors,n/a-query/path,CbamPurchasedPrecursorService,"cbam_purchased_precursors, cbam_purchased_precursor_product_uses, cbam_precursor_default_values",—,reload-or-toast,inline-error,n/a-read,n/a,reload(),purchased-precursors/purchased-precursors.component.html,write
purchased-precursors,Reload,button/link,cbam:configure,blocked-when-locked,—,UI-only (router/tab/section),n/a,AngularRouter/UI,—,—,navigate-or-toggle,n/a,n/a,n/a,selected()?.id ? openPrecursor(selected()!.id) : reload(),purchased-precursors/purchased-precursors.component.html,write
purchased-precursors,Create draft precursor,button/link,cbam:configure,blocked-when-locked,POST/PATCH,GET|POST|PATCH …/purchased-precursors; POST …/default-values/resolve,handler:startCreate form/payload,CbamPurchasedPrecursorService,"cbam_purchased_precursors, cbam_purchased_precursor_product_uses, cbam_precursor_default_values","cbam_purchased_precursors, cbam_purchased_precursor_product_uses, cbam_precursor_default_values",reload-or-toast,inline-error,n/a-or-rowVersion,409-on-rowVersion,startCreate(),purchased-precursors/purchased-precursors.component.html,write
purchased-precursors,Create draft,button/link,cbam:configure,blocked-when-locked,POST/PATCH,GET|POST|PATCH …/purchased-precursors; POST …/default-values/resolve,handler:anonymous form/payload,CbamPurchasedPrecursorService,"cbam_purchased_precursors, cbam_purchased_precursor_product_uses, cbam_precursor_default_values","cbam_purchased_precursors, cbam_purchased_precursor_product_uses, cbam_precursor_default_values",reload-or-toast,inline-error,n/a-or-rowVersion,409-on-rowVersion,—,purchased-precursors/purchased-precursors.component.html,write
purchased-precursors,Cancel,button/link,cbam:configure,blocked-when-locked,—,UI-only (router/tab/section),n/a,AngularRouter/UI,—,—,navigate-or-toggle,n/a,n/a,n/a,cancelCreate(),purchased-precursors/purchased-precursors.component.html,write
purchased-precursors,Open,button/link,cbam:configure,blocked-when-locked,GET,/api/v1/cbam/organizations/{organization_id}/reporting-period-bindings/{id}/purchased-precursors/{id}; /api/v1/cbam/organizations/{organization_id}/reporting-period-bindings/{id}/purchased-precursors/{id}/readiness,query/path params,CbamPurchasedPrecursorService,"cbam_purchased_precursors, cbam_purchased_precursor_product_uses",—,reload-or-toast,inline-error,n/a-read,n/a,openPrecursor(row.id),purchased-precursors/purchased-precursors.component.html,write
purchased-precursors,Search default values,button/link,cbam:view,n/a,—,UI-only (router/tab/section),n/a,AngularRouter/UI,—,—,navigate-or-toggle,n/a,n/a,n/a,searchDefaultValues(),purchased-precursors/purchased-precursors.component.html,navigate-or-read
purchased-precursors,Resolve default value,button/link,cbam:view,n/a,—,UI-only (router/tab/section),n/a,AngularRouter/UI,—,—,navigate-or-toggle,n/a,n/a,n/a,resolveDefaultValue(),purchased-precursors/purchased-precursors.component.html,navigate-or-read
purchased-precursors,Use this value,button/link,cbam:view,n/a,—,UI-only (router/tab/section),n/a,AngularRouter/UI,—,—,navigate-or-toggle,n/a,n/a,n/a,useDefaultCandidate(row),purchased-precursors/purchased-precursors.component.html,navigate-or-read
purchased-precursors,Edit,button/link,cbam:view,n/a,—,UI-only (router/tab/section),n/a,AngularRouter/UI,—,—,navigate-or-toggle,n/a,n/a,n/a,startEditProductUse(use),purchased-precursors/purchased-precursors.component.html,navigate-or-read
purchased-precursors,Remove,button/link,cbam:view,n/a,—,UI-only (router/tab/section),n/a,AngularRouter/UI,—,—,navigate-or-toggle,n/a,n/a,n/a,removeProductUse(use),purchased-precursors/purchased-precursors.component.html,navigate-or-read
purchased-precursors,{{ editingUseId() ? 'Update product use' : 'Add product use' }},button/link,cbam:configure,blocked-when-locked,PATCH+POST,/api/v1/cbam/organizations/{organization_id}/reporting-period-bindings/{id}/purchased-precursors/{id}/product-uses; /api/v1/cbam/organizations/{organization_id}/reporting-period-bindings/{id}/purchased-precursors/{id}/product-uses/{id},updatePrecursorProductUse body incl. rowVersion where applicable,CbamPurchasedPrecursorService,"cbam_purchased_precursors, cbam_purchased_precursor_product_uses","cbam_purchased_precursors, cbam_purchased_precursor_product_uses",reload-or-toast,inline-error,rowVersion,409-on-rowVersion,submitProductUse(),purchased-precursors/purchased-precursors.component.html,write
purchased-precursors,Cancel,button/link,cbam:view,n/a,—,UI-only (router/tab/section),n/a,AngularRouter/UI,—,—,navigate-or-toggle,n/a,n/a,n/a,cancelEditProductUse(),purchased-precursors/purchased-precursors.component.html,navigate-or-read
purchased-precursors,Save draft,button/link,cbam:configure,blocked-when-locked,POST/PATCH,GET|POST|PATCH …/purchased-precursors; POST …/default-values/resolve,handler:anonymous form/payload,CbamPurchasedPrecursorService,"cbam_purchased_precursors, cbam_purchased_precursor_product_uses, cbam_precursor_default_values","cbam_purchased_precursors, cbam_purchased_precursor_product_uses, cbam_precursor_default_values",reload-or-toast,inline-error,n/a-or-rowVersion,409-on-rowVersion,—,purchased-precursors/purchased-precursors.component.html,write
purchased-precursors,Archive,button/link,cbam:configure,blocked-when-locked,POST/PATCH,GET|POST|PATCH …/purchased-precursors; POST …/default-values/resolve,handler:requestArchive form/payload,CbamPurchasedPrecursorService,"cbam_purchased_precursors, cbam_purchased_precursor_product_uses, cbam_precursor_default_values","cbam_purchased_precursors, cbam_purchased_precursor_product_uses, cbam_precursor_default_values",reload-or-toast,inline-error,n/a-or-rowVersion,409-on-rowVersion,requestArchive(),purchased-precursors/purchased-precursors.component.html,write
purchased-precursors,Confirm archive,button/link,cbam:configure,blocked-when-locked,POST/PATCH,GET|POST|PATCH …/purchased-precursors; POST …/default-values/resolve,handler:confirmArchive form/payload,CbamPurchasedPrecursorService,"cbam_purchased_precursors, cbam_purchased_precursor_product_uses, cbam_precursor_default_values","cbam_purchased_precursors, cbam_purchased_precursor_product_uses, cbam_precursor_default_values",reload-or-toast,inline-error,n/a-or-rowVersion,409-on-rowVersion,confirmArchive(),purchased-precursors/purchased-precursors.component.html,write
purchased-precursors,Cancel,button/link,cbam:configure,blocked-when-locked,—,UI-only (router/tab/section),n/a,AngularRouter/UI,—,—,navigate-or-toggle,n/a,n/a,n/a,cancelArchive(),purchased-precursors/purchased-precursors.component.html,write
stationary-combustion,Retry,button/link,cbam:configure,blocked-when-locked,POST/PATCH,POST …/stationary-combustion/executions; GET summary|results|fuels,handler:retrySummary form/payload,CbamStationaryCombustionService,"cbam_stationary_combustion_results, cbam_stationary_combustion_current_results, cbam_activity_records, cbam_stationary_combustion_fuels","cbam_stationary_combustion_results, cbam_stationary_combustion_current_results, cbam_activity_records, cbam_stationary_combustion_fuels",reload-or-toast,inline-error,n/a-or-rowVersion,409-on-rowVersion,retrySummary(),stationary-combustion/stationary-combustion.component.html,write
stationary-combustion,Go to Activities,button/link,cbam:configure,blocked-when-locked,—,UI-only (router/tab/section),n/a,AngularRouter/UI,—,—,navigate-or-toggle,n/a,n/a,n/a,openActivitiesTab(),stationary-combustion/stationary-combustion.component.html,write
stationary-combustion,Retry,button/link,cbam:configure,blocked-when-locked,POST/PATCH,POST …/stationary-combustion/executions; GET summary|results|fuels,handler:retryCoverage form/payload,CbamStationaryCombustionService,"cbam_stationary_combustion_results, cbam_stationary_combustion_current_results, cbam_activity_records, cbam_stationary_combustion_fuels","cbam_stationary_combustion_results, cbam_stationary_combustion_current_results, cbam_activity_records, cbam_stationary_combustion_fuels",reload-or-toast,inline-error,n/a-or-rowVersion,409-on-rowVersion,retryCoverage(),stationary-combustion/stationary-combustion.component.html,write
stationary-combustion,{{ calculationActionLabel() }},button/link,cbam:view,n/a,—,UI-only (router/tab/section),n/a,AngularRouter/UI,—,—,navigate-or-toggle,n/a,n/a,n/a,—,stationary-combustion/stationary-combustion.component.html,navigate-or-read
stationary-combustion,View details,button/link,cbam:view,n/a,GET,/api/v1/cbam/organizations/{organization_id}/reporting-period-bindings/{id}/stationary-combustion/results/{id},query/path params,CbamStationaryCombustionService,"cbam_stationary_combustion_results, cbam_stationary_combustion_current_results",—,reload-or-toast,inline-error,n/a-read,n/a,viewDetails(row.resultId),stationary-combustion/stationary-combustion.component.html,navigate-or-read
stationary-combustion,Close,button/link,cbam:view,n/a,—,UI-only (router/tab/section),n/a,AngularRouter/UI,—,—,navigate-or-toggle,n/a,n/a,n/a,closeDetails(),stationary-combustion/stationary-combustion.component.html,navigate-or-read
